split,world,x,y,proxy
train,in_distribution,0.0879356388499728,1.1871601238779101,1.1963700193643876
train,in_distribution,-0.841498488942138,0.34682522214798667,0.35090961948485494
train,in_distribution,0.6455322288953216,2.2392937580037855,2.229832493579596
train,in_distribution,-0.4633155818228101,0.5161789213402537,0.5112265966905181
train,in_distribution,0.006410682272135038,0.9804385153732779,0.9873650715558463
train,in_distribution,1.7807756580195573,6.192347592291032,6.202316532392772
train,in_distribution,-1.7512288349902132,0.8766161335862822,0.8841224636288478
train,in_distribution,-1.3963380788920796,0.4981918846078114,0.49936972197990487
train,in_distribution,1.8207514490434749,6.336837446438779,6.3376367134511815
train,in_distribution,1.529824427234801,5.189230572353199,5.185414562952365
train,in_distribution,-1.6725445834610295,0.7994715992621934,0.7989535686843214
train,in_distribution,1.9853047311288927,7.073762139546773,7.080006224591734
train,in_distribution,1.2535124869963545,4.204499578138783,4.19485626446755
train,in_distribution,-0.5112286337702607,0.3705078610715581,0.3755485577429974
train,in_distribution,-0.581433056286107,0.47182276973946685,0.46931935000941105
train,in_distribution,1.0974996985542127,3.668700206567485,3.663479137874844
train,in_distribution,0.22726649683246736,1.4554025425671577,1.4559408979709039
train,in_distribution,-0.5611687285270683,0.37292723810124345,0.3786566319523277
train,in_distribution,-1.2290099934481753,0.38148088987983436,0.3825918184649364
train,in_distribution,0.21392330234415535,1.2982132468387668,1.301384549560805
train,in_distribution,1.6661169036573633,5.690952423954526,5.687593887754914
train,in_distribution,1.6361630432281862,5.6084033989168915,5.603854953175821
train,in_distribution,-1.9609465881995654,1.1753524469268009,1.1723125268976398
train,in_distribution,-0.13136438296297914,0.7803591839895628,0.7830212238437848
train,in_distribution,0.9159379362550393,3.014626840830365,3.006127437196919
train,in_distribution,1.9471621130498837,7.019501984338875,7.009915212108766
train,in_distribution,0.2567392446174832,1.4676006313574232,1.465660886331325
train,in_distribution,0.9265618905852584,3.150226838448839,3.152029769700433
train,in_distribution,-0.433704668781564,0.45122649357754346,0.4462548628494326
train,in_distribution,-1.3967940605786464,0.40330107268883125,0.39754886699663355
train,in_distribution,1.3680971554897656,4.555414068951241,4.561512784448752
train,in_distribution,1.6807430480572014,5.830757876557824,5.821746735222075
train,in_distribution,1.7038362747132054,5.813047607790893,5.818466923086088
train,in_distribution,1.355774141864209,4.529352250809897,4.527425904460219
train,in_distribution,-1.699931724603759,0.6955412620735768,0.6982713161807806
train,in_distribution,-1.0331827931125157,0.3093643469727036,0.3046688893914186
train,in_distribution,-1.346363669592964,0.3978487344548267,0.4023460702892853
train,in_distribution,-0.052745056557445213,0.905951215529386,0.9056808646890668
train,in_distribution,0.2159354212250486,1.3637124458046042,1.3626136249509833
train,in_distribution,1.869542910437446,6.640744069575515,6.635325292479682
train,in_distribution,-0.7270210439079818,0.2825240244598311,0.27980586707873767
train,in_distribution,-1.8864879619615067,1.0564580139904198,1.057815793868715
train,in_distribution,-0.30927672822216623,0.6755564313377036,0.6721313578577485
train,in_distribution,0.31433672216871367,1.6193122808577938,1.6204294756341946
train,in_distribution,0.45190174321743415,1.820097400006375,1.8300593531654308
train,in_distribution,1.0191296401936718,3.328129848326771,3.3252401627628876
train,in_distribution,0.36603588144255683,1.6592214412937503,1.6596875685419343
train,in_distribution,-1.2316428142128455,0.3782034442170778,0.3822823843036616
train,in_distribution,1.059965794645298,3.480671510251842,3.4795826653945756
train,in_distribution,0.017029974972067485,1.031577488603864,1.0310760152743208
train,in_distribution,-1.9515998573828583,1.0817421899415294,1.0914983334828932
train,in_distribution,1.3052810401155637,4.31570811768305,4.320747676291694
train,in_distribution,-1.1550041123687658,0.2974688536920725,0.2978214419384092
train,in_distribution,0.7971795205860537,2.628575699515326,2.6280099438068456
train,in_distribution,1.6243373841468491,5.565244828160934,5.575106653385693
train,in_distribution,-1.6052495903359851,0.7189628652285772,0.72571082284343
train,in_distribution,-1.8953660888862296,1.0367346331655467,1.0419202254777655
train,in_distribution,-1.1117893198925786,0.3450647798809564,0.3520748629900937
train,in_distribution,1.1757874823432912,3.858159533010305,3.849326459891728
train,in_distribution,0.15668842374740466,1.2047664282739827,1.2055404518459416
train,in_distribution,-0.9222599757642218,0.2726310263547319,0.27350567259837527
train,in_distribution,1.2783429622294245,4.300894009581297,4.299004604019751
train,in_distribution,-1.9701778732015445,1.1900393230169712,1.1868245566458577
train,in_distribution,1.0305110737531784,3.448220821606436,3.438891335359498
train,in_distribution,0.9233301539755905,3.0325987344158594,3.029031618619869
train,in_distribution,-0.663010980866749,0.3632912231195655,0.358156370132588
train,in_distribution,-0.022127186601294202,0.9325304133560864,0.925023097668989
train,in_distribution,-1.0000928022353324,0.3289594793508159,0.32516982314159626
train,in_distribution,-1.1987736975305867,0.32997782606313314,0.32425041403375515
train,in_distribution,1.9379340700788656,6.957330055397807,6.95036313531772
train,in_distribution,-0.8247401987547991,0.2967897701361855,0.2973512731438147
train,in_distribution,-0.4462439185077982,0.4936728263523786,0.49887540360059845
development,in_distribution,0.48903357744102527,1.9363079995309034,1.9348490499195765
development,in_distribution,0.13759811587367832,1.18923467463181,1.1992022525093078
development,in_distribution,-1.346947892713323,0.4280737412665897,0.41926230007891196
development,in_distribution,0.42136466199469647,1.7336601309472508,1.7334198505369267
development,in_distribution,0.7557137357378658,2.6362369778127293,2.635637065366563
development,in_distribution,-1.2653275444905279,0.3076325714036268,0.30841871446796376
development,in_distribution,0.5119697927988835,2.044518231180988,2.0412840084916737
development,in_distribution,1.210158586855267,4.037428036119517,4.0310339619825575
development,in_distribution,0.17011896694900752,1.2780357519009835,1.2875514748852164
development,in_distribution,-0.37986895849536273,0.5634320045648569,0.5712015363250823
development,in_distribution,-0.11174189283686475,0.832150654610971,0.8301893150919116
development,in_distribution,-1.6527677082122416,0.6513567741673261,0.641879929154158
development,in_distribution,1.081842662395974,3.5860239537445984,3.582475524784702
development,in_distribution,1.0728130834914418,3.529449144446589,3.520274224441896
development,in_distribution,0.6587241001604043,2.3948740030549547,2.3869204679551905
development,in_distribution,1.35679989334281,4.565969746717594,4.558318038989582
development,in_distribution,-0.9021190573207507,0.21881060694295457,0.2265580020398681
development,in_distribution,1.7574090830252942,6.155298061592212,6.145639979906735
development,in_distribution,-0.10360638601386629,0.9226659329351439,0.9209425438795149
development,in_distribution,-1.9935399540869767,1.1472165354953827,1.1479510615408133
development,in_distribution,1.3293170837431751,4.389105709878949,4.395065499745382
development,in_distribution,-0.245267618314164,0.6620399466568961,0.6590499308726668
development,in_distribution,-0.017327352133847285,0.9395155009853842,0.9372543193630553
development,in_distribution,1.4079464236246055,4.63179987815937,4.639543026539612
development,in_distribution,-0.784392300090222,0.23630795751540623,0.23726654286207666
development,in_distribution,0.7557465676477988,2.5548148226343623,2.5599221413331468
development,in_distribution,-1.8694840447153043,0.9673370889124511,0.9717796800365108
development,in_distribution,0.2464991163044794,1.4114090107296602,1.4054874330366407
development,in_distribution,1.3952547156978254,4.638039091654708,4.632787442749793
development,in_distribution,1.327038698732201,4.354046113262246,4.3596940816977785
development,in_distribution,-0.024763623066040186,1.0391666443803529,1.0330223743529072
development,in_distribution,0.5657932769120939,2.119600623802771,2.1237192743865174
development,in_distribution,-1.745217444251535,0.833203187130184,0.8321832328135553
development,in_distribution,1.8674928695676525,6.573041677750997,6.5676221365182075
development,in_distribution,0.40310651593943936,1.6849155188284237,1.682483233386736
development,in_distribution,1.4436536558690025,4.8554999083224395,4.8517505940217545
development,in_distribution,-1.499178502845611,0.5681037288755295,0.5767780614698255
development,in_distribution,1.4429277695206135,4.887808232214235,4.883478152451715
development,in_distribution,0.5888479617378715,2.1283843148783945,2.125207263062573
development,in_distribution,-1.1749811791920366,0.3104499316431406,0.30817657753564903
development,in_distribution,-0.15883298206843088,0.7606458628176563,0.7558144305008234
development,in_distribution,1.680932552043081,5.83937063300509,5.83694620486621
development,in_distribution,0.5663429917520584,2.1416380089865648,2.1441252391823213
development,in_distribution,0.0025509145250519616,0.9959885089772706,0.9924420010078072
development,in_distribution,-1.2179389613362654,0.41948469189150245,0.41412697594815207
development,in_distribution,0.8329999368592693,2.8221028378088766,2.8273263500699097
development,in_distribution,-1.5405134980874666,0.5739603934686544,0.5728191895113505
development,in_distribution,0.6030278039651589,2.182788802888478,2.1778735312610067
development,shifted_inputs,0.690404514334471,2.3971032555519436,2.393328601516324
development,shifted_inputs,-0.8560379470970467,0.29898841201081694,0.3010177741033949
development,shifted_inputs,2.652949193978979,10.632672102665957,10.641342170320884
development,shifted_inputs,-2.1917220345742416,1.5360155673374054,1.5408873619819625
development,shifted_inputs,-1.5819110490142405,0.6144928118744155,0.6227042762124902
development,shifted_inputs,1.2687349044887375,4.159500269346029,4.150893955635385
development,shifted_inputs,3.755179834638593,17.98161129839974,17.98184872065375
development,shifted_inputs,-0.19384625682928025,0.7812956338814413,0.7823887662295793
development,shifted_inputs,3.833520815435241,18.566586320496892,18.56612384229087
development,shifted_inputs,0.6912396066862225,2.4538106112441973,2.459346888000394
development,shifted_inputs,0.24122091750905383,1.470693976906379,1.4779280318162962
development,shifted_inputs,1.8840073087385205,6.716769102804194,6.715265971816273
development,shifted_inputs,3.699420573301677,17.487267208327214,17.480693064553144
development,shifted_inputs,3.4678962814040277,15.782131307839423,15.787047091005741
development,shifted_inputs,-1.2558417188513955,0.38217850723711533,0.3791598628592917
development,shifted_inputs,-2.690544206917762,2.712569469692443,2.7027319875242526
development,shifted_inputs,-1.7842182411093326,0.8694661021455952,0.8670868062742354
development,shifted_inputs,2.657938422862376,10.574637874772955,10.583839289181908
development,shifted_inputs,1.6720314760073505,5.766857613494836,5.7615233447687855
development,shifted_inputs,2.044192213165915,7.4124309720442065,7.421731406006288
development,shifted_inputs,2.4173545705622335,9.261632715104547,9.265003784910352
development,shifted_inputs,0.08500791856893564,1.0651762973870447,1.0727124467713085
development,shifted_inputs,-0.2700195091042561,0.5911029867297568,0.5939647441802979
development,shifted_inputs,2.128405425241925,7.872170741440915,7.868991216093639
development,shifted_inputs,3.9886747777601945,19.710515225071557,19.709577071213193
development,shifted_inputs,3.64890547020848,17.172904820821046,17.165350514612225
development,shifted_inputs,-1.3369045462003166,0.3829263004787042,0.3830126584073547
development,shifted_inputs,-0.8182544758479064,0.27619617804114904,0.28361221189891217
development,shifted_inputs,-0.274936893406875,0.6120314291853481,0.6179082496433407
development,shifted_inputs,-2.5064616261096955,2.2995854775878324,2.3013240663332297
development,shifted_inputs,0.7260898584598889,2.432939445564845,2.440379991369654
development,shifted_inputs,0.946426387165296,3.1140156932714107,3.106721052656597
development,shifted_inputs,-0.8707803153906708,0.2264890572195682,0.2175550859241685
development,shifted_inputs,3.9690757055575627,19.549967532232966,19.55670406917328
development,shifted_inputs,-0.1822761775938888,0.678121823775285,0.6703564650148554
development,shifted_inputs,3.169840209929281,13.733125318205026,13.733309166631452
development,shifted_inputs,0.8013095782587429,2.6518106900016183,2.66111388904104
development,shifted_inputs,-3.9250325290594024,7.515885226672004,7.511720827183408
development,shifted_inputs,-2.114395318068496,1.3816002958099969,1.3822329606561086
development,shifted_inputs,1.500152379096022,4.978320844509623,4.9709058350152695
development,shifted_inputs,-0.41331487968931047,0.4419075874012599,0.4516923551876917
development,shifted_inputs,-0.023783611803835036,0.9812354715763009,0.9894698362393711
development,shifted_inputs,1.972276516290444,7.023037467820324,7.019491507592764
development,shifted_inputs,-1.586936497051111,0.5824228209875021,0.5860559217529949
development,shifted_inputs,1.5640982924200975,5.3126910296002015,5.322159048990605
development,shifted_inputs,-0.342021568789586,0.5125043560211402,0.5055236749221287
development,shifted_inputs,-3.4455694450460754,5.302794336286689,5.306493338797013
development,shifted_inputs,1.1700147106467043,3.8182395852763107,3.8214599974346264
development,proxy_failure,-0.8092311701508543,0.3198978463764771,-1.6435318547396474
development,proxy_failure,-1.843684555793239,0.9179530724339061,-2.2577696523923017
development,proxy_failure,-1.2937265581104502,0.33526052877377754,-1.0587351601603014
development,proxy_failure,-0.19330585155719104,0.7681793432064027,-6.8172295836863075
development,proxy_failure,-1.2451862822465962,0.3229325386730435,-0.529924700163523
development,proxy_failure,1.8018333456885487,6.233657666931618,2.299327786466204
development,proxy_failure,-1.8181659366562433,0.8905743549275028,-6.166163560321115
development,proxy_failure,1.893961929636745,6.696494060343197,-6.227033262579793
development,proxy_failure,-1.5771943800941042,0.6909920172508018,4.400977254957841
development,proxy_failure,1.4618103764990709,4.842585126375017,3.184361291696696
development,proxy_failure,1.7585456285382768,6.134379592382672,4.384212954531133
development,proxy_failure,-1.5948645406318938,0.6619439157207564,-2.7749235737197253
development,proxy_failure,-0.8025118413429939,0.24785287213751095,7.4535033175309096
development,proxy_failure,-0.6736657483003157,0.3129902302411416,-0.16404733821851814
development,proxy_failure,-1.2940506962756175,0.3589144450098903,-1.995126932975392
development,proxy_failure,-1.0405654101211437,0.2317388865776809,4.691099232625076
development,proxy_failure,0.08717883798626413,1.1991055127674677,-3.3674606010471564
development,proxy_failure,0.0935363818786632,1.1263746543993607,-7.096286187096679
development,proxy_failure,-0.24686757510582513,0.7238750337628196,-0.5201462380400663
development,proxy_failure,1.2054051972937296,3.9270049332328876,0.826993072368488
development,proxy_failure,-0.7070150594239153,0.33085687841870187,5.547224265088225
development,proxy_failure,1.217054696452859,4.053546885398944,-2.713331197073874
development,proxy_failure,-0.913894619801662,0.25840926477751464,6.629988221067164
development,proxy_failure,0.35842413273262297,1.7092221693593461,1.9776729090143466
development,proxy_failure,1.5208698579095734,5.054724112214633,-7.180612479304726
development,proxy_failure,0.6739661821938792,2.428827238907102,-3.3614015228586656
development,proxy_failure,-1.6942845640343185,0.7520531419345651,-3.3039481396707977
development,proxy_failure,-0.37597018575842345,0.603001900108396,7.062578443253056
development,proxy_failure,-0.18934311739216714,0.775892797480791,4.500645655440026
development,proxy_failure,1.2421676869480618,4.095333229972043,1.0590504101380525
development,proxy_failure,1.7932474006609547,6.337885782210956,-5.5461583670687435
development,proxy_failure,0.43492810508491475,1.8025816309516918,3.330384089304557
development,proxy_failure,1.1662166292718403,3.858926330037926,-1.0599976814269265
development,proxy_failure,0.24701044799798533,1.4532696680403916,-4.708249190701787
development,proxy_failure,0.7590245333758725,2.5754137010059965,1.9077429357158877
development,proxy_failure,0.10000914820494478,1.191743435366959,-0.38057395637993885
development,proxy_failure,0.23012233480898292,1.4305472486192286,5.216998781493565
development,proxy_failure,0.5723204971110509,2.173020576136175,-6.5926671321502965
development,proxy_failure,1.9152589159303108,6.8298879026639865,-2.3831689825543823
development,proxy_failure,0.6736395255759207,2.3799839766782815,-6.629982387531012
development,proxy_failure,-0.7539630030303566,0.3171666645075624,-7.0044644774757625
development,proxy_failure,-1.6683829117908497,0.6516826005740046,-0.3367008684090589
development,proxy_failure,1.1038115707094782,3.5821297617973826,-5.107954900564954
development,proxy_failure,-1.7740994740276523,0.8230652079154936,-7.622752479886511
development,proxy_failure,1.8167930423167866,6.30876332553101,0.40522165938144283
development,proxy_failure,1.528628050078133,5.213801890063507,-0.9490058715743395
development,proxy_failure,-1.126315769832658,0.3964737460051011,-2.7687127006935786
development,proxy_failure,0.4454521224342427,1.7694865468229088,-5.497351185788828
audit,in_distribution,0.07321361580863206,1.1579109718443161,1.1627881740598285
audit,in_distribution,-1.2113672119177696,0.3307171779751657,0.33174259966115305
audit,in_distribution,-0.684300353563398,0.37175788775165275,0.3786904761734314
audit,in_distribution,-0.15482051708500277,0.8622326887581608,0.8591543428092846
audit,in_distribution,-1.5802764447099307,0.6476347513617338,0.6529701246243694
audit,in_distribution,1.3656198450193875,4.566320800105684,4.562737834566339
audit,in_distribution,0.2352835948514338,1.3395877197680512,1.3351883300592777
audit,in_distribution,-1.850962384370015,0.9090336999619514,0.9082447618061839
audit,in_distribution,0.38766575482986365,1.727104794843506,1.734736680379684
audit,in_distribution,-1.5291835174096104,0.5773345575295674,0.5757726105554897
audit,in_distribution,-1.2987825659928673,0.36466385999223117,0.3665949491023209
audit,in_distribution,-1.46476894769358,0.5571098575251933,0.5524626689694578
audit,in_distribution,0.7413890058268193,2.6183785013084035,2.616162600779719
audit,in_distribution,-0.8701607387315264,0.3009843105291627,0.30088516820823985
audit,in_distribution,0.7039239223509273,2.496834675674017,2.4943951736349943
audit,in_distribution,1.1106703313971993,3.6872786881359207,3.686048158844975
audit,in_distribution,0.4419040664603804,1.8880295379299483,1.8831014527096666
audit,in_distribution,1.0266503066726944,3.341808716029816,3.351747522793147
audit,in_distribution,0.8965724454316208,3.0597679425896533,3.0670383229265736
audit,in_distribution,1.6087097073401457,5.407102565928947,5.4073328688564235
audit,in_distribution,0.313987977635672,1.47598231745582,1.4847952031398872
audit,in_distribution,0.7326216802958876,2.5301691415555214,2.5272081634045276
audit,in_distribution,-0.812878927029725,0.3310229631294402,0.3254864691698367
audit,in_distribution,0.5766390861001285,2.1563468965888766,2.16353693372372
audit,in_distribution,0.9067463436022334,2.987360124938676,2.991754438665351
audit,in_distribution,1.5262645462996232,5.153178638048114,5.15434913151787
audit,in_distribution,-1.531626860274844,0.5395644773101169,0.5480530688210632
audit,in_distribution,-0.48365826107111687,0.4637327517948179,0.46942745475033465
audit,in_distribution,-1.8688305056522654,0.9923533495234705,0.9953703579608276
audit,in_distribution,1.2409339676750952,4.054919195502892,4.046066983849045
audit,in_distribution,1.1201354198371667,3.6716451369523058,3.681261766258215
audit,in_distribution,-1.3434524856238292,0.39885646274002007,0.391688264303226
audit,in_distribution,0.12337100794247613,1.1625167810370747,1.1715116435953816
audit,in_distribution,-0.8805638450696942,0.37577743986609935,0.3849096265369965
audit,in_distribution,0.8182680329778105,2.729859245033584,2.7318761815915695
audit,in_distribution,0.5350418857028885,1.9922861894550508,1.989707906099486
audit,in_distribution,1.6426303116504135,5.700303133175017,5.706365298952599
audit,in_distribution,-1.9878335369308768,1.145892839791772,1.1371401194656956
audit,in_distribution,-0.528708232745982,0.3955937228702815,0.39772559217662024
audit,in_distribution,1.5888328144599755,5.373955210023902,5.368954974512642
audit,in_distribution,1.7062583784636023,5.816836238977704,5.8133335250130305
audit,in_distribution,1.1636098337085539,3.7883692725622264,3.798066598631128
audit,in_distribution,-0.42694766542080087,0.5031759434013858,0.5003068886561138
audit,in_distribution,-0.21321847147337358,0.7668290124709412,0.7628251893474843
audit,in_distribution,1.8331427309018498,6.4349918870863565,6.443959657297524
audit,in_distribution,0.08634933868560113,1.0612864514208413,1.0655602788546543
audit,in_distribution,-1.919926496309472,1.112863371343127,1.1062395904729372
audit,in_distribution,-0.06886410273966614,0.8799487517816259,0.8710083800514614
audit,in_distribution,-1.8790409594268223,1.0526265748355916,1.0498652389152954
audit,in_distribution,-0.9435724580408693,0.3226423964714268,0.32494646887624185
audit,in_distribution,0.3800060950425057,1.7271003999615693,1.7259936038102268
audit,in_distribution,-1.1963805825478815,0.2822654683015665,0.27986975616652776
audit,in_distribution,-0.7169448309992368,0.3601630537795881,0.3546178282443443
audit,in_distribution,-0.10874582209481876,0.7893775503035478,0.7811478925921005
audit,in_distribution,0.06804873426612978,1.079951288467822,1.0746544635463513
audit,in_distribution,0.8032114896920137,2.798892752941149,2.7926100724519216
audit,in_distribution,-1.3570660361884714,0.4376356441861534,0.4361061917378645
audit,in_distribution,1.3584315483482476,4.465842972607533,4.46044889916286
audit,in_distribution,-0.698866352803031,0.35615232667466507,0.3503058588705711
audit,in_distribution,-1.0300291137823367,0.25692606326863215,0.2634907100435879
audit,in_distribution,0.36022180291466066,1.6996665671601798,1.6982124884941232
audit,in_distribution,-1.0588999596332984,0.2687766652458079,0.2764256207359099
audit,in_distribution,-0.3778562355326551,0.613610868102251,0.6141075231734932
audit,in_distribution,0.9398982833879708,3.0619792432743016,3.062587779428637
audit,in_distribution,-1.6451703178140042,0.6927865056248858,0.6971049177016023
audit,in_distribution,1.329978224756812,4.452171842037283,4.444039019958488
audit,in_distribution,1.4029453433037689,4.680129919260991,4.67763332586257
audit,in_distribution,-1.4216407698758804,0.4415775323865994,0.4508504097550346
audit,in_distribution,0.47547647177757923,1.9455321768460654,1.9399275592158105
audit,in_distribution,1.13932008799013,3.7851140448567024,3.7936737868624633
audit,in_distribution,-0.4720249723055181,0.5304688303470738,0.5292816112000958
audit,in_distribution,-1.8915730154783668,1.0575237028360063,1.0588713881735208
audit,in_distribution,-0.25911264332728123,0.6582867278250921,0.6542544440236238
audit,in_distribution,1.9011248011029993,6.737910711725353,6.732009032868415
audit,in_distribution,0.8850039225845934,2.9699622513583894,2.971377474867941
audit,in_distribution,-1.1231686572165804,0.3682720157772062,0.37778988931332336
audit,in_distribution,-0.04275685105462035,0.8841141214999418,0.8921759408558985
audit,in_distribution,-1.6722582876838836,0.6732539483730772,0.6792838839245297
audit,in_distribution,0.8225925459304464,2.7467072205155723,2.739628204144049
audit,in_distribution,0.458423886577334,1.868147871912015,1.8751636935852964
audit,in_distribution,0.5351459911477403,2.010645771795297,2.0082730971092464
audit,in_distribution,1.491342948692766,4.940814069765834,4.943832983650746
audit,in_distribution,1.8414797841070025,6.417809680227337,6.424943531102816
audit,in_distribution,1.4551422770836808,4.9340116928527085,4.934925978578265
audit,in_distribution,-1.5126228959375552,0.5572405023073583,0.5549050041283289
audit,in_distribution,1.7542214549022197,6.14344225300888,6.149409186793481
audit,in_distribution,1.922607959648452,6.904627074345924,6.902673770820105
audit,in_distribution,0.5419448220673022,2.086245358322523,2.08196094051352
audit,in_distribution,-1.9386828027101322,1.1036202028184483,1.1077652986848592
audit,in_distribution,-0.9400073862490772,0.27967907628048577,0.2826628348460049
audit,in_distribution,-1.935533980182989,1.0328264619523013,1.0275069792299552
audit,in_distribution,1.4548776309853264,4.873114149700116,4.877364124180528
audit,in_distribution,-0.1710187138590844,0.771580108566099,0.7794957318522742
audit,in_distribution,-0.19608088859366957,0.7096654985589335,0.7175279431050359
audit,in_distribution,-1.4627282686261553,0.5734630670616659,0.5678837111952462
audit,in_distribution,0.1751241687971432,1.2770990843237613,1.273534585360679
audit,in_distribution,-1.0445185664888599,0.2737660919913174,0.26902438338752643
audit,in_distribution,-1.2751797467863764,0.3126394944751396,0.3186435067441474
audit,in_distribution,-1.2534595264701136,0.3402165487075541,0.3440237788872957
audit,in_distribution,-1.5547236530310156,0.5889965299370828,0.5884660119282447
audit,in_distribution,-0.9701775933324877,0.2422485168370838,0.23268606546303616
audit,in_distribution,-0.06014983008374841,0.9144672333187015,0.9130904528414232
audit,in_distribution,0.09526661979683126,1.1877652884728287,1.1920380278786502
audit,in_distribution,0.5303705641888037,2.0435955858039403,2.038890484038891
audit,in_distribution,-0.9322362332074707,0.3623982665990928,0.3645968459232987
audit,in_distribution,0.27174520611539865,1.5278284940354387,1.5229893451391527
audit,in_distribution,-0.5458387336540786,0.4353683908962885,0.4379364953250623
audit,in_distribution,-0.5520141115843082,0.36874871558380723,0.3774696646144286
audit,in_distribution,-1.1830196617494626,0.3704741440979371,0.3797546165002846
audit,in_distribution,0.7124432291681928,2.4749405040025234,2.4808352166077876
audit,in_distribution,-1.4275116904253933,0.4706657088765115,0.46172319197977796
audit,in_distribution,-0.5827239143128127,0.4631127072483107,0.4548776544133515
audit,in_distribution,-0.32864050508103704,0.6563583777972886,0.6527248768664294
audit,in_distribution,1.7743550513178281,6.169849632464675,6.164741483776966
audit,in_distribution,-0.43001693411509434,0.48226373320878924,0.4861125081963563
audit,in_distribution,-1.8654354634437804,1.025745610313609,1.0196698739588952
audit,in_distribution,-1.680596323332701,0.6812585047287009,0.6837129460564935
audit,in_distribution,1.0524481923237086,3.5327204534882797,3.532060889268334
audit,in_distribution,1.5140559162762264,5.111741522273202,5.117286477427836
audit,in_distribution,1.4789920526385099,4.992373354468354,4.98771254629326
audit,in_distribution,-1.5885614437170608,0.7132087221630374,0.7161728269311374
audit,in_distribution,0.4093299492980482,1.7064498190022381,1.7117868407048826
audit,in_distribution,1.9277261908526353,6.842194101754699,6.844340084526568
audit,in_distribution,0.43694765247097056,1.8071479225519298,1.8094522910696529
audit,in_distribution,1.7114865797589647,5.834425635540781,5.8440388290674905
audit,in_distribution,1.5323874302320357,5.205321603670032,5.201725033040656
audit,in_distribution,-1.1353796244328924,0.2934728964746475,0.2901152302530334
audit,in_distribution,1.8265367673261506,6.355213968051104,6.349875865243373
audit,shifted_inputs,2.4350743049862187,9.384478775481437,9.380033895949559
audit,shifted_inputs,2.4087503853846606,9.227262811321237,9.22480330665849
audit,shifted_inputs,-2.781221877372502,3.0257559005243544,3.0214913173004554
audit,shifted_inputs,1.0213255438791027,3.4135468783106364,3.4101538442682053
audit,shifted_inputs,-2.4168472211468215,2.0745935908834827,2.0842505765086954
audit,shifted_inputs,2.9182470055928507,12.25684364074701,12.253641722772429
audit,shifted_inputs,1.1554334746256218,3.8283314548428646,3.82866467097227
audit,shifted_inputs,-3.515028621491509,5.554752910738017,5.553070535191507
audit,shifted_inputs,-1.5953843580668572,0.6087513706613669,0.6142332757149269
audit,shifted_inputs,-2.0462407913448057,1.203872952109317,1.1969467780239171
audit,shifted_inputs,-3.6725122297551476,6.264366794513233,6.262577537295209
audit,shifted_inputs,0.21846802124688036,1.3976275380704806,1.3878005808822382
audit,shifted_inputs,-0.666965994457331,0.37536457639296006,0.37431576264759125
audit,shifted_inputs,-1.5664452570308898,0.5452254976118529,0.5359435570480248
audit,shifted_inputs,3.453323635447135,15.726003134358919,15.72329113003666
audit,shifted_inputs,3.515838738458351,16.18377077931642,16.17709030923846
audit,shifted_inputs,-3.017656342562332,3.7294237848793093,3.724817561011527
audit,shifted_inputs,2.2094666844896267,8.1398059118676,8.135634550475737
audit,shifted_inputs,-0.2818288610660922,0.6366581193106727,0.6317767446658172
audit,shifted_inputs,0.8761282460338844,2.89723185714561,2.9064823832550633
audit,shifted_inputs,-2.9958097931670107,3.7104443906875257,3.7109316330167816
audit,shifted_inputs,1.8879923206657248,6.64285338131476,6.642647198144632
audit,shifted_inputs,0.7797956043979735,2.6991499702743766,2.6941440111934707
audit,shifted_inputs,3.379120129317788,15.269817648988344,15.262566657371776
audit,shifted_inputs,-1.9302430246960087,1.1136124653756556,1.1043713669058628
audit,shifted_inputs,0.6221171837924055,2.180103594272833,2.1884715301959483
audit,shifted_inputs,-1.2826962859354278,0.3663459386969466,0.36177499694814286
audit,shifted_inputs,-2.9175621716841933,3.3719730565042645,3.380720961108739
audit,shifted_inputs,-2.8964120447263895,3.385880229063951,3.3850854603025473
audit,shifted_inputs,-0.39013004479618374,0.49081240131907533,0.4942473119604782
audit,shifted_inputs,2.6073626898471964,10.31287722419406,10.32184751523363
audit,shifted_inputs,2.7137417428520925,10.996555313939313,10.99097564906557
audit,shifted_inputs,-0.33315045074545413,0.6489776130427153,0.6449952274113268
audit,shifted_inputs,2.073262846784223,7.4738451514343565,7.464125305380074
audit,shifted_inputs,-1.0156847409162877,0.29452515900355963,0.28995360350955546
audit,shifted_inputs,-1.5966999420074188,0.6469826943589102,0.6561541248341886
audit,shifted_inputs,0.2824916070435739,1.462602547782843,1.4721692382161753
audit,shifted_inputs,-3.5657076713764972,5.783105720955454,5.776617464636527
audit,shifted_inputs,-2.107500516636015,1.4133688778006879,1.4168964506925925
audit,shifted_inputs,2.4548374058846445,9.489981610177828,9.49919286460338
audit,shifted_inputs,3.594607870674281,16.718151334453935,16.71671435895956
audit,shifted_inputs,-2.792139737055942,3.0600808702276647,3.053425667916444
audit,shifted_inputs,0.9875064560197329,3.2238832753709024,3.216706411646856
audit,shifted_inputs,1.741450288105109,6.077866364750928,6.068811001626402
audit,shifted_inputs,-1.9274121051644695,1.0997457783858706,1.1072452763579923
audit,shifted_inputs,3.6781777282785466,17.336781966482427,17.3455232522113
audit,shifted_inputs,0.4369948751744195,1.8683278696578587,1.8750340576358455
audit,shifted_inputs,-3.1663677082923085,4.289826598620663,4.297111561324851
audit,shifted_inputs,3.0607973960352926,13.0337253540625,13.028262969172868
audit,shifted_inputs,0.7833734960047325,2.609623623508741,2.6188539637883315
audit,shifted_inputs,-2.5819905995016983,2.529176682725318,2.5260336384233053
audit,shifted_inputs,-0.9443834268095515,0.2292495601600518,0.22713128222509774
audit,shifted_inputs,-0.8703750175335161,0.3302119703357449,0.32960800414017477
audit,shifted_inputs,-1.5497355022575228,0.6176151306624578,0.616340130809063
audit,shifted_inputs,1.3869159155250532,4.6329425711335634,4.635101132149684
audit,shifted_inputs,-3.943174648218724,7.502078102825143,7.509515724656676
audit,shifted_inputs,-0.9821371555015688,0.3440006306937281,0.35203879772034
audit,shifted_inputs,-1.65725842862442,0.7372827944763798,0.7410070938929698
audit,shifted_inputs,-3.9065041153236466,7.324255719861703,7.325716865103897
audit,shifted_inputs,2.461421854541907,9.509679057286455,9.50286616853696
audit,shifted_inputs,3.582233267670359,16.57919851213196,16.581930334433522
audit,shifted_inputs,3.4667254617435947,15.88886706429602,15.896965806155897
audit,shifted_inputs,3.8664342218959096,18.71767193569189,18.71944674524523
audit,shifted_inputs,1.146342372830203,3.7408342564940313,3.7434967512956008
audit,shifted_inputs,0.6460115422916779,2.3284177786350613,2.3284645934249584
audit,shifted_inputs,-2.792627683675521,3.0856846191146703,3.080045520310984
audit,shifted_inputs,3.7993343246214035,18.27940277078033,18.28197900097421
audit,shifted_inputs,2.028075930054354,7.334444743550455,7.343711295813781
audit,shifted_inputs,0.7093384954085566,2.3996886593597444,2.391456732772418
audit,shifted_inputs,0.29126983316615807,1.4589137309145142,1.4545076541780833
audit,shifted_inputs,3.2720950018313664,14.401400219204014,14.394663165361429
audit,shifted_inputs,3.1891084366715248,13.919240863182635,13.924964515984142
audit,shifted_inputs,-2.6548157060534523,2.6259402877559332,2.619403929884582
audit,shifted_inputs,-0.8249729884780947,0.3278150672537674,0.3247232552574051
audit,shifted_inputs,3.4658341431175597,15.764405620997788,15.773185548044095
audit,shifted_inputs,-1.911421494430094,0.995475281732169,0.9880441715808042
audit,shifted_inputs,3.872491481328966,18.733113366533217,18.73275887440853
audit,shifted_inputs,-1.0427917226239565,0.3728503202921369,0.3812148754316932
audit,shifted_inputs,3.893469722535781,19.01963455582678,19.01702474492762
audit,shifted_inputs,2.676552050108853,10.71806671848641,10.71060873375997
audit,shifted_inputs,-1.1630978399032497,0.39229953155872666,0.39607189896532896
audit,shifted_inputs,3.7978487935887273,18.224855209313645,18.232550164118766
audit,shifted_inputs,0.5624850012464755,2.0453666528725387,2.038669934691991
audit,shifted_inputs,1.342000558723405,4.5146084628839365,4.5054315780863945
audit,shifted_inputs,-3.4421150022700377,5.322901474233764,5.318396206295403
audit,shifted_inputs,-2.0510241058217513,1.3555918283893562,1.3558090776184673
audit,shifted_inputs,0.10321280890931739,1.1682107608765457,1.1685924731736574
audit,shifted_inputs,0.5944831701493811,2.160750666166226,2.157642672758193
audit,shifted_inputs,3.0864230853325907,13.183725152095608,13.180334904832335
audit,shifted_inputs,-3.7327337842899073,6.505041747653423,6.502576782332965
audit,shifted_inputs,3.546081801728275,16.40582749814693,16.413712401465936
audit,shifted_inputs,-3.053467768436363,3.9154304279731673,3.923824070012498
audit,shifted_inputs,2.53053771806524,9.860016736823459,9.868151465571264
audit,shifted_inputs,-3.8474825280540053,7.00054380246144,7.0019942343125585
audit,shifted_inputs,3.9417003594272435,19.288390354133167,19.297248847840166
audit,shifted_inputs,2.4039862872891025,9.22258155509842,9.218673038863535
audit,shifted_inputs,2.101937400588275,7.6470930738890655,7.638379261010505
audit,shifted_inputs,-2.5499080781045116,2.3680563450250918,2.361053445900427
audit,shifted_inputs,-2.5918182927981244,2.526541416501237,2.529334778585201
audit,shifted_inputs,-1.2551975645845923,0.44521715763993586,0.4397263186094339
audit,shifted_inputs,0.9734977396985167,3.1616476795050046,3.1592947924071626
audit,shifted_inputs,-1.5893542716637992,0.5743782368772006,0.5693228080554926
audit,shifted_inputs,2.044533589106691,7.478144691221543,7.4736520581427195
audit,shifted_inputs,2.1572522909601535,7.924477173303786,7.931192398138768
audit,shifted_inputs,3.0197341285320327,12.75750633623508,12.758791442799856
audit,shifted_inputs,3.352779546439524,14.993706530851801,15.000003002978794
audit,shifted_inputs,-1.9820459341062637,1.2081800643589473,1.2134055649685342
audit,shifted_inputs,-2.5212746066467417,2.277582194767153,2.276460276831252
audit,shifted_inputs,3.870961319105075,18.755221192311417,18.760457313967382
audit,shifted_inputs,2.637503889331451,10.523496529951778,10.516353001469854
audit,shifted_inputs,3.1552355965415275,13.623574290287937,13.62323682787518
audit,shifted_inputs,-0.5479368499672743,0.49224186205673864,0.4852447128913798
audit,shifted_inputs,1.556793988751024,5.311162430399912,5.305038536409259
audit,shifted_inputs,3.9518581915572053,19.364882407504243,19.36875550479078
audit,shifted_inputs,-3.289275812038187,4.6697562062724876,4.664514565005667
audit,shifted_inputs,2.872168822738204,11.9814589177956,11.983594515591966
audit,shifted_inputs,-0.4880194612389879,0.42629778763770704,0.4320168440673025
audit,shifted_inputs,2.2546699932912784,8.517185336739045,8.517590143667592
audit,shifted_inputs,-1.8528593263946203,0.9904734379217147,0.9885627827777765
audit,shifted_inputs,2.34503810127468,8.949927947649588,8.956436737181889
audit,shifted_inputs,1.134708968394139,3.7074101761862366,3.710747549733766
audit,shifted_inputs,1.8811228205649586,6.63675196170857,6.6436194218157825
audit,shifted_inputs,-0.7685266611108874,0.25296526765213495,0.24875082011231167
audit,shifted_inputs,1.0968264646215564,3.560400579402843,3.5530537850270383
audit,shifted_inputs,-1.4396046080375688,0.5260616133638915,0.5259997727555555
audit,shifted_inputs,-2.3341507087762867,1.7836043742518617,1.7910531351984558
audit,shifted_inputs,-2.9710806050899574,3.6692820040551464,3.6653652525478577
audit,shifted_inputs,-2.12637640888393,1.3485358966935435,1.3580809876404587
audit,proxy_failure,-0.3775571651705838,0.47966252888181604,-6.935801804988667
audit,proxy_failure,0.18267567175299115,1.2909190273853142,6.942635210256887
audit,proxy_failure,1.7195594078171461,5.930477833634453,-0.22804229658658137
audit,proxy_failure,0.9497075421493926,3.1410608257337818,3.0554362809071627
audit,proxy_failure,-1.015934899532403,0.24219015041151654,6.174644644687712
audit,proxy_failure,-1.890746623950394,1.0839337536175337,7.4822783537820285
audit,proxy_failure,-0.06628131608952392,0.9023652026943888,-1.371512482440476
audit,proxy_failure,-1.8116602633455199,0.9603057798122034,-0.9328070466285183
audit,proxy_failure,1.7039698471392124,5.932240315402282,6.505568825514075
audit,proxy_failure,0.7732100556616905,2.7054885937861544,5.431684923413135
audit,proxy_failure,1.5138254058025375,5.087701219861643,-5.036217958045176
audit,proxy_failure,1.1505399113362187,3.8299642668957152,5.754002147229496
audit,proxy_failure,-0.8762965264480376,0.2609585777105352,2.5077895874626908
audit,proxy_failure,1.296743028366015,4.276012218416307,2.620535519741699
audit,proxy_failure,0.7943944752452179,2.754730728866447,-6.354410804156441
audit,proxy_failure,1.4910751190727138,5.001049850950215,-1.9609816257396862
audit,proxy_failure,-0.9499337519328486,0.35237048211494987,-5.572628241712875
audit,proxy_failure,0.21235087626534854,1.3956308923695702,5.229664437933511
audit,proxy_failure,0.6625913548192619,2.395947474068552,2.8861757425632995
audit,proxy_failure,1.6383840757050852,5.677838977871497,1.315612646634678
audit,proxy_failure,-1.7760941247858963,0.7856413552579922,-3.923657772365093
audit,proxy_failure,-1.0345734839859628,0.2741579468346651,6.062415506588611
audit,proxy_failure,-1.0199795169123949,0.24923995107779534,-5.932249656253315
audit,proxy_failure,-1.4957396871413677,0.5952668801907401,-3.3169086507813024
audit,proxy_failure,-0.8293477027149656,0.2710964129043042,4.273621868565778
audit,proxy_failure,-0.6221694791536323,0.3230736052433383,-4.0245494466605525
audit,proxy_failure,1.748857685843972,6.144431849344913,-5.284377105856999
audit,proxy_failure,0.6696188172212914,2.3261846743645496,2.487893058539248
audit,proxy_failure,0.7585764898647605,2.6004827457929496,-3.945266149629365
audit,proxy_failure,-0.7372999545463723,0.3833089185108728,3.2889308887955675
audit,proxy_failure,1.9043322441812456,6.711100708202659,-4.423551397541393
audit,proxy_failure,0.572134904965008,2.183734570958153,4.20474916196094
audit,proxy_failure,1.9760954963013981,7.162109048296429,-6.409556074624488
audit,proxy_failure,1.880742603283422,6.663659386609949,-2.7343229614758737
audit,proxy_failure,0.24022579547775225,1.4464018651574322,-6.094912594277401
audit,proxy_failure,1.5070076619984736,5.103426267888832,-3.6146560368217386
audit,proxy_failure,1.9788689963160713,7.109508953593563,4.9497339473671484
audit,proxy_failure,-1.7815857261416665,0.9208756477075459,-2.3149849903552617
audit,proxy_failure,-1.997902645622191,1.2495392082401013,-6.42670084414358
audit,proxy_failure,-0.5329071535061396,0.36250254923779596,-7.725664620159376
audit,proxy_failure,0.4122716858307647,1.7592298066703043,-5.9855810640189855
audit,proxy_failure,-0.788477939382993,0.2698040711796096,-3.4299089674371785
audit,proxy_failure,1.454081918809115,4.941351280893099,7.844058314887562
audit,proxy_failure,-0.26558581505967327,0.7065497268216968,-6.567117232476226
audit,proxy_failure,-0.9728224999793169,0.3509534363720614,-6.001054097906554
audit,proxy_failure,-1.5843343656337154,0.675880918106832,1.3286209270376403
audit,proxy_failure,-1.8451914337367983,1.0041190621686362,-7.995721089661124
audit,proxy_failure,0.16573119923267976,1.2004161780708391,-6.366087651358017
audit,proxy_failure,0.25332692469628126,1.4952029456312805,0.7165012837399978
audit,proxy_failure,1.8664208409727845,6.550598528774431,-1.3925411539666204
audit,proxy_failure,-1.2219556462467933,0.3541479894353735,-4.35098728938385
audit,proxy_failure,-1.406620131467803,0.5317963553209577,6.3994047421498905
audit,proxy_failure,1.5936779592532417,5.383170569133121,-6.353160411482506
audit,proxy_failure,1.941351263635121,6.934847936001518,-1.5569860944802922
audit,proxy_failure,0.15879850687107488,1.2511566144261308,-2.4712368986225943
audit,proxy_failure,0.6414196778433414,2.223862357008045,-2.9392134081702608
audit,proxy_failure,-1.0547221157620439,0.3313770550767734,-3.3122260180190306
audit,proxy_failure,-1.2149685888504256,0.3711299095891619,-3.21821804998061
audit,proxy_failure,-0.7204674562123516,0.37725286145431147,-0.05330965193802939
audit,proxy_failure,0.21724563914316075,1.4139222052179001,-6.91157292527166
audit,proxy_failure,-1.8531866309355314,1.0227112806415528,5.945457314062491
audit,proxy_failure,0.5389864413387171,2.0904922172216374,-0.1560580942326748
audit,proxy_failure,-1.668443167735346,0.7931960187726207,7.703325599187142
audit,proxy_failure,-1.1805761122185667,0.3657580755226628,-0.7465973060956266
audit,proxy_failure,-1.4317563594460414,0.5628328763677491,0.38329696773488386
audit,proxy_failure,-0.2578789102862937,0.6485210696419832,-2.219925253530036
audit,proxy_failure,-0.9280339322572999,0.2799728756939629,1.866821513672102
audit,proxy_failure,-1.1458655604074224,0.27404189439349663,0.5838452887556347
audit,proxy_failure,-0.19701362748165474,0.7972980148820117,-0.3382722726426248
audit,proxy_failure,1.3520548990656422,4.50966100257803,5.049114408323112
audit,proxy_failure,0.18495331071738752,1.2930073706424885,1.6088530205920062
audit,proxy_failure,-1.9948047151855004,1.2171780572218,2.673180828578557
audit,proxy_failure,1.9600493243655386,6.970661194133092,2.6518997238516455
audit,proxy_failure,-1.8919616678439901,1.0994106110291115,-4.1899910832977465
audit,proxy_failure,1.3875599657614894,4.576530418605021,-4.332956150775098
audit,proxy_failure,1.2256266770970448,4.054186609631269,-3.983519621102058
audit,proxy_failure,0.9904035268742586,3.2366490150962837,4.9828630908374905
audit,proxy_failure,1.2249057685245135,4.079453010975235,-6.405983001032501
audit,proxy_failure,-1.1967281396776173,0.36943237205758317,-7.324614169663544
audit,proxy_failure,0.38967260336117127,1.7460144466241605,3.893155936173587
audit,proxy_failure,1.696698490933915,5.921111913963846,1.4060690923691954
audit,proxy_failure,1.3793708596722123,4.615706812031921,-2.9346129516955344
audit,proxy_failure,1.184497936705903,3.961552612920392,7.01734855714319
audit,proxy_failure,0.6125447144687657,2.191106341190684,-5.417674943832235
audit,proxy_failure,1.7496837994267804,6.068384992907168,1.663131023901263
audit,proxy_failure,0.2795120064272716,1.4655454427092747,-3.200661611058255
audit,proxy_failure,-0.393415978257293,0.5314999480118366,4.200405009448721
audit,proxy_failure,-0.7926808598807509,0.34849446410684715,7.5027211402768685
audit,proxy_failure,0.13187213711092882,1.1890294460847097,4.000120007768528
audit,proxy_failure,-0.7911367931773547,0.38516784229758816,2.816756854331121
audit,proxy_failure,0.7738155462505651,2.627743790504285,-6.104965753670847
audit,proxy_failure,-1.1273796246452226,0.3694035584213177,-2.003540595981381
audit,proxy_failure,1.7873478365344138,6.301042100055334,0.1252346392095589
audit,proxy_failure,-1.811991127619323,0.9633955442987681,-6.091573223741715
audit,proxy_failure,-1.6237774459938135,0.7348473564874816,-6.612526746087502
audit,proxy_failure,-0.3926433182430351,0.5967115829470423,-0.24787362152092918
audit,proxy_failure,1.9233578286258726,6.774671279845007,-5.583496777456638
audit,proxy_failure,-1.338382767650681,0.4401665553553337,3.280364454660617
audit,proxy_failure,-0.6747818973366986,0.36510391184782626,1.1600523859980303
audit,proxy_failure,-1.457751644143392,0.5446852846594027,-7.914174379837178
audit,proxy_failure,-1.9795140184003182,1.131519434066326,-7.722308694908294
audit,proxy_failure,-0.2684452903668961,0.6235064945638877,-6.908763272451225
audit,proxy_failure,-1.1817511292640601,0.32922742382377723,5.697788299022806
audit,proxy_failure,1.0763840888461118,3.536870249707812,6.973572511780702
audit,proxy_failure,-1.3937589493301887,0.4610678304642917,7.591943408750884
audit,proxy_failure,1.966866648675596,7.071235062152477,-5.925697913267253
audit,proxy_failure,1.964543208300273,7.052957951717198,-3.754603669701961
audit,proxy_failure,1.8322966427922251,6.43638579098049,-1.6842960547557944
audit,proxy_failure,1.0820964982289416,3.6110904477298953,7.810960369028079
audit,proxy_failure,0.10662358094379654,1.140161555683739,-3.1264937208778214
audit,proxy_failure,1.2633100477730492,4.224954752804714,1.8702341875099737
audit,proxy_failure,-0.5097777967688266,0.4808862170718169,-4.9676704908186995
audit,proxy_failure,1.3394601798182464,4.413250143477388,-2.332519093099382
audit,proxy_failure,0.5558151510302864,2.0617251387534106,7.977975653921828
audit,proxy_failure,1.3172750066546381,4.316551797221253,7.924985407199475
audit,proxy_failure,-1.269779820535025,0.33477153509538093,2.3668626244196513
audit,proxy_failure,0.45408084035342755,1.8621404281452512,-7.550634839260216
audit,proxy_failure,0.0867779627186227,1.1692573225366452,0.1898308161993274
audit,proxy_failure,-0.7834258065512145,0.2526357007034219,4.443270413310831
audit,proxy_failure,1.7830284651311539,6.292030915922193,-2.8289919087779474
audit,proxy_failure,-1.2712177265127491,0.37960446533974224,7.791058950967935
audit,proxy_failure,0.04574770373305981,1.0790953791335114,5.324373291530817
audit,proxy_failure,-0.19040815575788317,0.8039180468794931,4.547268233726175
audit,proxy_failure,0.8136942704265762,2.7422754117790697,0.30564182778454096
audit,proxy_failure,0.3775419894887433,1.7234932990573713,-3.5561445764612714
audit,proxy_failure,-0.37431876535417663,0.5337736938599716,2.673819334169192
audit,proxy_failure,-1.1008826793707898,0.36091898451733195,5.054490558057303
audit,proxy_failure,-0.2870846037409822,0.6346755471289902,2.8088136373327757
